competicion,jornada,fecha,hora,local,visitante,resultado,estado,enlace_partido
Liga 1 España,1. Jornada,15.08.2025,19:00,Girona FC,Rayo Vallecano,1:3,Final,https://www.livefutbol.com/match-report/co97/primera-division/ma11222876/girona-fc_rayo-vallecano/lineup/
Liga 1 España,1. Jornada,15.08.2025,21:30,Villarreal CF,Real Oviedo,2:0,Final,https://www.livefutbol.com/match-report/co97/primera-division/ma11222894/villarreal-cf_real-oviedo/lineup/
Liga 1 España,1. Jornada,16.08.2025,19:30,RCD Mallorca,FC Barcelona,0:3,Final,https://www.livefutbol.com/match-report/co97/primera-division/ma11222882/rcd-mallorca_fc-barcelona/lineup/
Liga 1 España,1. Jornada,16.08.2025,21:30,CD Alavés,Levante UD,2:1,Final,https://www.livefutbol.com/match-report/co97/primera-division/ma11222867/cd-alaves_levante-ud/lineup/
Liga 1 España,1. Jornada,16.08.2025,21:30,Valencia CF,Real Sociedad,1:1,Final,https://www.livefutbol.com/match-report/co97/primera-division/ma11222891/valencia-cf_real-sociedad/lineup/
Liga 1 España,1. Jornada,17.08.2025,17:00,RC Celta,Getafe CF,0:2,Final,https://www.livefutbol.com/match-report/co97/primera-division/ma11222873/rc-celta_getafe-cf/lineup/
Liga 1 España,1. Jornada,17.08.2025,19:30,Athletic Club,Sevilla FC,3:2,Final,https://www.livefutbol.com/match-report/co97/primera-division/ma11222870/athletic-club_sevilla-fc/lineup/
Liga 1 España,1. Jornada,17.08.2025,21:30,Espanyol Barcelona,Atlético de Madrid,2:1,Final,https://www.livefutbol.com/match-report/co97/primera-division/ma11222879/espanyol-barcelona_atletico-de-madrid/lineup/
Liga 1 España,1. Jornada,18.08.2025,21:00,Elche CF,Real Betis,1:1,Final,https://www.livefutbol.com/match-report/co97/primera-division/ma11222885/elche-cf_real-betis/lineup/
Liga 1 España,1. Jornada,19.08.2025,21:00,Real Madrid,CA Osasuna,1:0,Final,https://www.livefutbol.com/match-report/co97/primera-division/ma11222888/real-madrid_ca-osasuna/lineup/
Liga 1 España,2. Jornada,22.08.2025,21:30,Real Betis,CD Alavés,1:0,Final,https://www.livefutbol.com/match-report/co97/primera-division/ma11222909/real-betis_cd-alaves/lineup/
Liga 1 España,2. Jornada,23.08.2025,17:00,RCD Mallorca,RC Celta,1:1,Final,https://www.livefutbol.com/match-report/co97/primera-division/ma11222915/rcd-mallorca_rc-celta/lineup/
Liga 1 España,2. Jornada,23.08.2025,19:30,Atlético de Madrid,Elche CF,1:1,Final,https://www.livefutbol.com/match-report/co97/primera-division/ma11222900/atletico-de-madrid_elche-cf/lineup/
Liga 1 España,2. Jornada,23.08.2025,21:30,Levante UD,FC Barcelona,2:3,Final,https://www.livefutbol.com/match-report/co97/primera-division/ma11222912/levante-ud_fc-barcelona/lineup/
Liga 1 España,2. Jornada,24.08.2025,17:00,CA Osasuna,Valencia CF,1:0,Final,https://www.livefutbol.com/match-report/co97/primera-division/ma11222903/ca-osasuna_valencia-cf/lineup/
Liga 1 España,2. Jornada,24.08.2025,19:30,Real Sociedad,Espanyol Barcelona,2:2,Final,https://www.livefutbol.com/match-report/co97/primera-division/ma11222918/real-sociedad_espanyol-barcelona/lineup/
Liga 1 España,2. Jornada,24.08.2025,19:30,Villarreal CF,Girona FC,5:0,Final,https://www.livefutbol.com/match-report/co97/primera-division/ma11222924/villarreal-cf_girona-fc/lineup/
Liga 1 España,2. Jornada,24.08.2025,21:30,Real Oviedo,Real Madrid,0:3,Final,https://www.livefutbol.com/match-report/co97/primera-division/ma11222906/real-oviedo_real-madrid/lineup/
Liga 1 España,2. Jornada,25.08.2025,19:30,Athletic Club,Rayo Vallecano,1:0,Final,https://www.livefutbol.com/match-report/co97/primera-division/ma11222897/athletic-club_rayo-vallecano/lineup/
Liga 1 España,2. Jornada,25.08.2025,21:30,Sevilla FC,Getafe CF,1:2,Final,https://www.livefutbol.com/match-report/co97/primera-division/ma11222921/sevilla-fc_getafe-cf/lineup/
Liga 1 España,3. Jornada,29.08.2025,19:30,Elche CF,Levante UD,2:0,Final,https://www.livefutbol.com/match-report/co97/primera-division/ma11222933/elche-cf_levante-ud/lineup/
Liga 1 España,3. Jornada,29.08.2025,21:30,Valencia CF,Getafe CF,3:0,Final,https://www.livefutbol.com/match-report/co97/primera-division/ma11222951/valencia-cf_getafe-cf/lineup/
Liga 1 España,3. Jornada,30.08.2025,17:00,CD Alavés,Atlético de Madrid,1:1,Final,https://www.livefutbol.com/match-report/co97/primera-division/ma11222927/cd-alaves_atletico-de-madrid/lineup/
Liga 1 España,3. Jornada,30.08.2025,19:00,Real Oviedo,Real Sociedad,1:0,Final,https://www.livefutbol.com/match-report/co97/primera-division/ma11222942/real-oviedo_real-sociedad/lineup/
Liga 1 España,3. Jornada,30.08.2025,19:30,Girona FC,Sevilla FC,0:2,Final,https://www.livefutbol.com/match-report/co97/primera-division/ma11222939/girona-fc_sevilla-fc/lineup/
Liga 1 España,3. Jornada,30.08.2025,21:30,Real Madrid,RCD Mallorca,2:1,Final,https://www.livefutbol.com/match-report/co97/primera-division/ma11222954/real-madrid_rcd-mallorca/lineup/
Liga 1 España,3. Jornada,31.08.2025,17:00,RC Celta,Villarreal CF,1:1,Final,https://www.livefutbol.com/match-report/co97/primera-division/ma11222930/rc-celta_villarreal-cf/lineup/
Liga 1 España,3. Jornada,31.08.2025,19:00,Real Betis,Athletic Club,1:2,Final,https://www.livefutbol.com/match-report/co97/primera-division/ma11222945/real-betis_athletic-club/lineup/
Liga 1 España,3. Jornada,31.08.2025,19:30,Espanyol Barcelona,CA Osasuna,1:0,Final,https://www.livefutbol.com/match-report/co97/primera-division/ma11222936/espanyol-barcelona_ca-osasuna/lineup/
Liga 1 España,3. Jornada,31.08.2025,21:30,Rayo Vallecano,FC Barcelona,1:1,Final,https://www.livefutbol.com/match-report/co97/primera-division/ma11222948/rayo-vallecano_fc-barcelona/lineup/
Liga 1 España,4. Jornada,12.09.2025,21:00,Sevilla FC,Elche CF,2:2,Final,https://www.livefutbol.com/match-report/co97/primera-division/ma11222981/sevilla-fc_elche-cf/lineup/
Liga 1 España,4. Jornada,13.09.2025,14:00,Getafe CF,Real Oviedo,2:0,Final,https://www.livefutbol.com/match-report/co97/primera-division/ma11222969/getafe-cf_real-oviedo/lineup/
Liga 1 España,4. Jornada,13.09.2025,16:15,Real Sociedad,Real Madrid,1:2,Final,https://www.livefutbol.com/match-report/co97/primera-division/ma11222984/real-sociedad_real-madrid/lineup/
Liga 1 España,4. Jornada,13.09.2025,18:30,Athletic Club,CD Alavés,0:1,Final,https://www.livefutbol.com/match-report/co97/primera-division/ma11222975/athletic-club_cd-alaves/lineup/
Liga 1 España,4. Jornada,13.09.2025,21:00,Atlético de Madrid,Villarreal CF,2:0,Final,https://www.livefutbol.com/match-report/co97/primera-division/ma11222957/atletico-de-madrid_villarreal-cf/lineup/
Liga 1 España,4. Jornada,14.09.2025,14:00,RC Celta,Girona FC,1:1,Final,https://www.livefutbol.com/match-report/co97/primera-division/ma11222963/rc-celta_girona-fc/lineup/
Liga 1 España,4. Jornada,14.09.2025,16:15,Levante UD,Real Betis,2:2,Final,https://www.livefutbol.com/match-report/co97/primera-division/ma11222978/levante-ud_real-betis/lineup/
Liga 1 España,4. Jornada,14.09.2025,18:30,CA Osasuna,Rayo Vallecano,2:0,Final,https://www.livefutbol.com/match-report/co97/primera-division/ma11222972/ca-osasuna_rayo-vallecano/lineup/
Liga 1 España,4. Jornada,14.09.2025,21:00,FC Barcelona,Valencia CF,6:0,Final,https://www.livefutbol.com/match-report/co97/primera-division/ma11222960/fc-barcelona_valencia-cf/lineup/
Liga 1 España,4. Jornada,15.09.2025,21:00,Espanyol Barcelona,RCD Mallorca,3:2,Final,https://www.livefutbol.com/match-report/co97/primera-division/ma11222966/espanyol-barcelona_rcd-mallorca/lineup/
Liga 1 España,5. Jornada,19.09.2025,21:00,Real Betis,Real Sociedad,3:1,Final,https://www.livefutbol.com/match-report/co97/primera-division/ma11222993/real-betis_real-sociedad/lineup/
Liga 1 España,5. Jornada,20.09.2025,14:00,Girona FC,Levante UD,0:4,Final,https://www.livefutbol.com/match-report/co97/primera-division/ma11222999/girona-fc_levante-ud/lineup/
Liga 1 España,5. Jornada,20.09.2025,16:15,Real Madrid,Espanyol Barcelona,2:0,Final,https://www.livefutbol.com/match-report/co97/primera-division/ma11223011/real-madrid_espanyol-barcelona/lineup/
Liga 1 España,5. Jornada,20.09.2025,18:30,CD Alavés,Sevilla FC,1:2,Final,https://www.livefutbol.com/match-report/co97/primera-division/ma11222987/cd-alaves_sevilla-fc/lineup/
Liga 1 España,5. Jornada,20.09.2025,18:30,Villarreal CF,CA Osasuna,2:1,Final,https://www.livefutbol.com/match-report/co97/primera-division/ma11223014/villarreal-cf_ca-osasuna/lineup/
Liga 1 España,5. Jornada,20.09.2025,21:00,Valencia CF,Athletic Club,2:0,Final,https://www.livefutbol.com/match-report/co97/primera-division/ma11223002/valencia-cf_athletic-club/lineup/
Liga 1 España,5. Jornada,21.09.2025,14:00,Rayo Vallecano,RC Celta,1:1,Final,https://www.livefutbol.com/match-report/co97/primera-division/ma11223008/rayo-vallecano_rc-celta/lineup/
Liga 1 España,5. Jornada,21.09.2025,16:15,RCD Mallorca,Atlético de Madrid,1:1,Final,https://www.livefutbol.com/match-report/co97/primera-division/ma11223005/rcd-mallorca_atletico-de-madrid/lineup/
Liga 1 España,5. Jornada,21.09.2025,18:30,Elche CF,Real Oviedo,1:0,Final,https://www.livefutbol.com/match-report/co97/primera-division/ma11222996/elche-cf_real-oviedo/lineup/
Liga 1 España,5. Jornada,21.09.2025,21:00,FC Barcelona,Getafe CF,3:0,Final,https://www.livefutbol.com/match-report/co97/primera-division/ma11222990/fc-barcelona_getafe-cf/lineup/
Liga 1 España,6. Jornada,27.08.2025,21:00,RC Celta,Real Betis,1:1,Final,https://www.livefutbol.com/match-report/co97/primera-division/ma11223038/rc-celta_real-betis/lineup/
Liga 1 España,6. Jornada,23.09.2025,19:00,Athletic Club,Girona FC,1:1,Final,https://www.livefutbol.com/match-report/co97/primera-division/ma11223017/athletic-club_girona-fc/lineup/
Liga 1 España,6. Jornada,23.09.2025,19:00,Espanyol Barcelona,Valencia CF,2:2,Final,https://www.livefutbol.com/match-report/co97/primera-division/ma11223023/espanyol-barcelona_valencia-cf/lineup/
Liga 1 España,6. Jornada,23.09.2025,21:30,Levante UD,Real Madrid,1:4,Final,https://www.livefutbol.com/match-report/co97/primera-division/ma11223026/levante-ud_real-madrid/lineup/
Liga 1 España,6. Jornada,23.09.2025,21:30,Sevilla FC,Villarreal CF,1:2,Final,https://www.livefutbol.com/match-report/co97/primera-division/ma11223029/sevilla-fc_villarreal-cf/lineup/
Liga 1 España,6. Jornada,24.09.2025,19:00,Getafe CF,CD Alavés,1:1,Final,https://www.livefutbol.com/match-report/co97/primera-division/ma11223032/getafe-cf_cd-alaves/lineup/
Liga 1 España,6. Jornada,24.09.2025,21:30,Atlético de Madrid,Rayo Vallecano,3:2,Final,https://www.livefutbol.com/match-report/co97/primera-division/ma11223020/atletico-de-madrid_rayo-vallecano/lineup/
Liga 1 España,6. Jornada,24.09.2025,21:30,Real Sociedad,RCD Mallorca,1:0,Final,https://www.livefutbol.com/match-report/co97/primera-division/ma11223044/real-sociedad_rcd-mallorca/lineup/
Liga 1 España,6. Jornada,25.09.2025,19:30,CA Osasuna,Elche CF,1:1,Final,https://www.livefutbol.com/match-report/co97/primera-division/ma11223041/ca-osasuna_elche-cf/lineup/
Liga 1 España,6. Jornada,25.09.2025,21:30,Real Oviedo,FC Barcelona,1:3,Final,https://www.livefutbol.com/match-report/co97/primera-division/ma11223035/real-oviedo_fc-barcelona/lineup/
Liga 1 España,7. Jornada,26.09.2025,21:00,Girona FC,Espanyol Barcelona,0:0,Final,https://www.livefutbol.com/match-report/co97/primera-division/ma11223071/girona-fc_espanyol-barcelona/lineup/
Liga 1 España,7. Jornada,27.09.2025,14:00,Getafe CF,Levante UD,1:1,Final,https://www.livefutbol.com/match-report/co97/primera-division/ma11223056/getafe-cf_levante-ud/lineup/
Liga 1 España,7. Jornada,27.09.2025,16:15,Atlético de Madrid,Real Madrid,5:2,Final,https://www.livefutbol.com/match-report/co97/primera-division/ma11223047/atletico-de-madrid_real-madrid/lineup/
Liga 1 España,7. Jornada,27.09.2025,18:30,RCD Mallorca,CD Alavés,1:0,Final,https://www.livefutbol.com/match-report/co97/primera-division/ma11223062/rcd-mallorca_cd-alaves/lineup/
Liga 1 España,7. Jornada,27.09.2025,21:00,Villarreal CF,Athletic Club,1:0,Final,https://www.livefutbol.com/match-report/co97/primera-division/ma11223065/villarreal-cf_athletic-club/lineup/
Liga 1 España,7. Jornada,28.09.2025,14:00,Rayo Vallecano,Sevilla FC,0:1,Final,https://www.livefutbol.com/match-report/co97/primera-division/ma11223059/rayo-vallecano_sevilla-fc/lineup/
Liga 1 España,7. Jornada,28.09.2025,16:15,Elche CF,RC Celta,2:1,Final,https://www.livefutbol.com/match-report/co97/primera-division/ma11223068/elche-cf_rc-celta/lineup/
Liga 1 España,7. Jornada,28.09.2025,18:30,FC Barcelona,Real Sociedad,2:1,Final,https://www.livefutbol.com/match-report/co97/primera-division/ma11223050/fc-barcelona_real-sociedad/lineup/
Liga 1 España,7. Jornada,28.09.2025,21:00,Real Betis,CA Osasuna,2:0,Final,https://www.livefutbol.com/match-report/co97/primera-division/ma11223053/real-betis_ca-osasuna/lineup/
Liga 1 España,7. Jornada,30.09.2025,20:00,Valencia CF,Real Oviedo,1:2,Final,https://www.livefutbol.com/match-report/co97/primera-division/ma11223074/valencia-cf_real-oviedo/lineup/
Liga 1 España,8. Jornada,03.10.2025,21:00,CA Osasuna,Getafe CF,2:1,Final,https://www.livefutbol.com/match-report/co97/primera-division/ma11223098/ca-osasuna_getafe-cf/lineup/
Liga 1 España,8. Jornada,04.10.2025,14:00,Real Oviedo,Levante UD,0:2,Final,https://www.livefutbol.com/match-report/co97/primera-division/ma11223101/real-oviedo_levante-ud/lineup/
Liga 1 España,8. Jornada,04.10.2025,16:15,Girona FC,Valencia CF,2:1,Final,https://www.livefutbol.com/match-report/co97/primera-division/ma11223083/girona-fc_valencia-cf/lineup/
Liga 1 España,8. Jornada,04.10.2025,18:30,Athletic Club,RCD Mallorca,2:1,Final,https://www.livefutbol.com/match-report/co97/primera-division/ma11223080/athletic-club_rcd-mallorca/lineup/
Liga 1 España,8. Jornada,04.10.2025,21:00,Real Madrid,Villarreal CF,3:1,Final,https://www.livefutbol.com/match-report/co97/primera-division/ma11223086/real-madrid_villarreal-cf/lineup/
Liga 1 España,8. Jornada,05.10.2025,14:00,CD Alavés,Elche CF,3:1,Final,https://www.livefutbol.com/match-report/co97/primera-division/ma11223077/cd-alaves_elche-cf/lineup/
Liga 1 España,8. Jornada,05.10.2025,16:15,Sevilla FC,FC Barcelona,4:1,Final,https://www.livefutbol.com/match-report/co97/primera-division/ma11223092/sevilla-fc_fc-barcelona/lineup/
Liga 1 España,8. Jornada,05.10.2025,18:30,Espanyol Barcelona,Real Betis,1:2,Final,https://www.livefutbol.com/match-report/co97/primera-division/ma11223095/espanyol-barcelona_real-betis/lineup/
Liga 1 España,8. Jornada,05.10.2025,18:30,Real Sociedad,Rayo Vallecano,0:1,Final,https://www.livefutbol.com/match-report/co97/primera-division/ma11223104/real-sociedad_rayo-vallecano/lineup/
Liga 1 España,8. Jornada,05.10.2025,21:00,RC Celta,Atlético de Madrid,1:1,Final,https://www.livefutbol.com/match-report/co97/primera-division/ma11223089/rc-celta_atletico-de-madrid/lineup/
Liga 1 España,9. Jornada,17.10.2025,21:00,Real Oviedo,Espanyol Barcelona,0:2,Final,https://www.livefutbol.com/match-report/co97/primera-division/ma11223131/real-oviedo_espanyol-barcelona/lineup/
Liga 1 España,9. Jornada,18.10.2025,14:00,Sevilla FC,RCD Mallorca,1:3,Final,https://www.livefutbol.com/match-report/co97/primera-division/ma11223134/sevilla-fc_rcd-mallorca/lineup/
Liga 1 España,9. Jornada,18.10.2025,16:15,FC Barcelona,Girona FC,2:1,Final,https://www.livefutbol.com/match-report/co97/primera-division/ma11223113/fc-barcelona_girona-fc/lineup/
Liga 1 España,9. Jornada,18.10.2025,18:30,Villarreal CF,Real Betis,2:2,Final,https://www.livefutbol.com/match-report/co97/primera-division/ma11223128/villarreal-cf_real-betis/lineup/
Liga 1 España,9. Jornada,18.10.2025,21:00,Atlético de Madrid,CA Osasuna,1:0,Final,https://www.livefutbol.com/match-report/co97/primera-division/ma11223110/atletico-de-madrid_ca-osasuna/lineup/
Liga 1 España,9. Jornada,19.10.2025,14:00,Elche CF,Athletic Club,0:0,Final,https://www.livefutbol.com/match-report/co97/primera-division/ma11223125/elche-cf_athletic-club/lineup/
Liga 1 España,9. Jornada,19.10.2025,16:15,RC Celta,Real Sociedad,1:1,Final,https://www.livefutbol.com/match-report/co97/primera-division/ma11223116/rc-celta_real-sociedad/lineup/
Liga 1 España,9. Jornada,19.10.2025,18:30,Levante UD,Rayo Vallecano,0:3,Final,https://www.livefutbol.com/match-report/co97/primera-division/ma11223122/levante-ud_rayo-vallecano/lineup/
Liga 1 España,9. Jornada,19.10.2025,21:00,Getafe CF,Real Madrid,0:1,Final,https://www.livefutbol.com/match-report/co97/primera-division/ma11223119/getafe-cf_real-madrid/lineup/
Liga 1 España,9. Jornada,20.10.2025,21:00,CD Alavés,Valencia CF,0:0,Final,https://www.livefutbol.com/match-report/co97/primera-division/ma11223107/cd-alaves_valencia-cf/lineup/
Liga 1 España,10. Jornada,24.10.2025,21:00,Real Sociedad,Sevilla FC,2:1,Final,https://www.livefutbol.com/match-report/co97/primera-division/ma11223143/real-sociedad_sevilla-fc/lineup/
Liga 1 España,10. Jornada,25.10.2025,14:00,Girona FC,Real Oviedo,3:3,Final,https://www.livefutbol.com/match-report/co97/primera-division/ma11223140/girona-fc_real-oviedo/lineup/
Liga 1 España,10. Jornada,25.10.2025,16:15,Espanyol Barcelona,Elche CF,1:0,Final,https://www.livefutbol.com/match-report/co97/primera-division/ma11223161/espanyol-barcelona_elche-cf/lineup/
Liga 1 España,10. Jornada,25.10.2025,18:30,Athletic Club,Getafe CF,0:1,Final,https://www.livefutbol.com/match-report/co97/primera-division/ma11223137/athletic-club_getafe-cf/lineup/
Liga 1 España,10. Jornada,25.10.2025,21:00,Valencia CF,Villarreal CF,0:2,Final,https://www.livefutbol.com/match-report/co97/primera-division/ma11223146/valencia-cf_villarreal-cf/lineup/
Liga 1 España,10. Jornada,26.10.2025,14:00,RCD Mallorca,Levante UD,1:1,Final,https://www.livefutbol.com/match-report/co97/primera-division/ma11223164/rcd-mallorca_levante-ud/lineup/
Liga 1 España,10. Jornada,26.10.2025,16:15,Real Madrid,FC Barcelona,2:1,Final,https://www.livefutbol.com/match-report/co97/primera-division/ma11223155/real-madrid_fc-barcelona/lineup/
Liga 1 España,10. Jornada,26.10.2025,18:30,CA Osasuna,RC Celta,2:3,Final,https://www.livefutbol.com/match-report/co97/primera-division/ma11223158/ca-osasuna_rc-celta/lineup/
Liga 1 España,10. Jornada,26.10.2025,21:00,Rayo Vallecano,CD Alavés,1:0,Final,https://www.livefutbol.com/match-report/co97/primera-division/ma11223149/rayo-vallecano_cd-alaves/lineup/
Liga 1 España,10. Jornada,27.10.2025,21:00,Real Betis,Atlético de Madrid,0:2,Final,https://www.livefutbol.com/match-report/co97/primera-division/ma11223152/real-betis_atletico-de-madrid/lineup/
Liga 1 España,11. Jornada,31.10.2025,21:00,Getafe CF,Girona FC,2:1,Final,https://www.livefutbol.com/match-report/co97/primera-division/ma11223179/getafe-cf_girona-fc/lineup/
Liga 1 España,11. Jornada,01.11.2025,14:00,Villarreal CF,Rayo Vallecano,4:0,Final,https://www.livefutbol.com/match-report/co97/primera-division/ma11223194/villarreal-cf_rayo-vallecano/lineup/
Liga 1 España,11. Jornada,01.11.2025,16:15,Atlético de Madrid,Sevilla FC,3:0,Final,https://www.livefutbol.com/match-report/co97/primera-division/ma11223170/atletico-de-madrid_sevilla-fc/lineup/
Liga 1 España,11. Jornada,01.11.2025,18:30,Real Sociedad,Athletic Club,3:2,Final,https://www.livefutbol.com/match-report/co97/primera-division/ma11223185/real-sociedad_athletic-club/lineup/
Liga 1 España,11. Jornada,01.11.2025,21:00,Real Madrid,Valencia CF,4:0,Final,https://www.livefutbol.com/match-report/co97/primera-division/ma11223182/real-madrid_valencia-cf/lineup/
Liga 1 España,11. Jornada,02.11.2025,14:00,Levante UD,RC Celta,1:2,Final,https://www.livefutbol.com/match-report/co97/primera-division/ma11223188/levante-ud_rc-celta/lineup/
Liga 1 España,11. Jornada,02.11.2025,16:15,CD Alavés,Espanyol Barcelona,2:1,Final,https://www.livefutbol.com/match-report/co97/primera-division/ma11223167/cd-alaves_espanyol-barcelona/lineup/
Liga 1 España,11. Jornada,02.11.2025,18:30,FC Barcelona,Elche CF,3:1,Final,https://www.livefutbol.com/match-report/co97/primera-division/ma11223173/fc-barcelona_elche-cf/lineup/
Liga 1 España,11. Jornada,02.11.2025,21:00,Real Betis,RCD Mallorca,3:0,Final,https://www.livefutbol.com/match-report/co97/primera-division/ma11223176/real-betis_rcd-mallorca/lineup/
Liga 1 España,11. Jornada,03.11.2025,21:00,Real Oviedo,CA Osasuna,0:0,Final,https://www.livefutbol.com/match-report/co97/primera-division/ma11223191/real-oviedo_ca-osasuna/lineup/
Liga 1 España,12. Jornada,07.11.2025,21:00,Elche CF,Real Sociedad,1:1,Final,https://www.livefutbol.com/match-report/co97/primera-division/ma11223203/elche-cf_real-sociedad/lineup/
Liga 1 España,12. Jornada,08.11.2025,14:00,Girona FC,CD Alavés,1:0,Final,https://www.livefutbol.com/match-report/co97/primera-division/ma11223212/girona-fc_cd-alaves/lineup/
Liga 1 España,12. Jornada,08.11.2025,16:15,Sevilla FC,CA Osasuna,1:0,Final,https://www.livefutbol.com/match-report/co97/primera-division/ma11223224/sevilla-fc_ca-osasuna/lineup/
Liga 1 España,12. Jornada,08.11.2025,18:30,Atlético de Madrid,Levante UD,3:1,Final,https://www.livefutbol.com/match-report/co97/primera-division/ma11223200/atletico-de-madrid_levante-ud/lineup/
Liga 1 España,12. Jornada,08.11.2025,21:00,Espanyol Barcelona,Villarreal CF,0:2,Final,https://www.livefutbol.com/match-report/co97/primera-division/ma11223206/espanyol-barcelona_villarreal-cf/lineup/
Liga 1 España,12. Jornada,09.11.2025,14:00,Athletic Club,Real Oviedo,1:0,Final,https://www.livefutbol.com/match-report/co97/primera-division/ma11223197/athletic-club_real-oviedo/lineup/
Liga 1 España,12. Jornada,09.11.2025,16:15,Rayo Vallecano,Real Madrid,0:0,Final,https://www.livefutbol.com/match-report/co97/primera-division/ma11223209/rayo-vallecano_real-madrid/lineup/
Liga 1 España,12. Jornada,09.11.2025,18:30,Valencia CF,Real Betis,1:1,Final,https://www.livefutbol.com/match-report/co97/primera-division/ma11223218/valencia-cf_real-betis/lineup/
Liga 1 España,12. Jornada,09.11.2025,18:30,RCD Mallorca,Getafe CF,1:0,Final,https://www.livefutbol.com/match-report/co97/primera-division/ma11223221/rcd-mallorca_getafe-cf/lineup/
Liga 1 España,12. Jornada,09.11.2025,21:00,RC Celta,FC Barcelona,2:4,Final,https://www.livefutbol.com/match-report/co97/primera-division/ma11223215/rc-celta_fc-barcelona/lineup/
Liga 1 España,13. Jornada,21.11.2025,21:00,Valencia CF,Levante UD,1:0,Final,https://www.livefutbol.com/match-report/co97/primera-division/ma11223251/valencia-cf_levante-ud/lineup/
Liga 1 España,13. Jornada,22.11.2025,14:00,CD Alavés,RC Celta,0:1,Final,https://www.livefutbol.com/match-report/co97/primera-division/ma11223227/cd-alaves_rc-celta/lineup/
Liga 1 España,13. Jornada,22.11.2025,16:15,FC Barcelona,Athletic Club,4:0,Final,https://www.livefutbol.com/match-report/co97/primera-division/ma11223245/fc-barcelona_athletic-club/lineup/
Liga 1 España,13. Jornada,22.11.2025,18:30,CA Osasuna,Real Sociedad,1:3,Final,https://www.livefutbol.com/match-report/co97/primera-division/ma11223239/ca-osasuna_real-sociedad/lineup/
Liga 1 España,13. Jornada,22.11.2025,21:00,Villarreal CF,RCD Mallorca,2:1,Final,https://www.livefutbol.com/match-report/co97/primera-division/ma11223254/villarreal-cf_rcd-mallorca/lineup/
Liga 1 España,13. Jornada,23.11.2025,14:00,Real Oviedo,Rayo Vallecano,0:0,Final,https://www.livefutbol.com/match-report/co97/primera-division/ma11223242/real-oviedo_rayo-vallecano/lineup/
Liga 1 España,13. Jornada,23.11.2025,16:15,Real Betis,Girona FC,1:1,Final,https://www.livefutbol.com/match-report/co97/primera-division/ma11223230/real-betis_girona-fc/lineup/
Liga 1 España,13. Jornada,23.11.2025,18:30,Getafe CF,Atlético de Madrid,0:1,Final,https://www.livefutbol.com/match-report/co97/primera-division/ma11223248/getafe-cf_atletico-de-madrid/lineup/
Liga 1 España,13. Jornada,23.11.2025,21:00,Elche CF,Real Madrid,2:2,Final,https://www.livefutbol.com/match-report/co97/primera-division/ma11223233/elche-cf_real-madrid/lineup/
Liga 1 España,13. Jornada,24.11.2025,21:00,Espanyol Barcelona,Sevilla FC,2:1,Final,https://www.livefutbol.com/match-report/co97/primera-division/ma11223236/espanyol-barcelona_sevilla-fc/lineup/
Liga 1 España,14. Jornada,28.11.2025,21:00,Getafe CF,Elche CF,1:0,Final,https://www.livefutbol.com/match-report/co97/primera-division/ma11223284/getafe-cf_elche-cf/lineup/
Liga 1 España,14. Jornada,29.11.2025,14:00,RCD Mallorca,CA Osasuna,2:2,Final,https://www.livefutbol.com/match-report/co97/primera-division/ma11223266/rcd-mallorca_ca-osasuna/lineup/
Liga 1 España,14. Jornada,29.11.2025,16:15,FC Barcelona,CD Alavés,3:1,Final,https://www.livefutbol.com/match-report/co97/primera-division/ma11223275/fc-barcelona_cd-alaves/lineup/
Liga 1 España,14. Jornada,29.11.2025,18:30,Levante UD,Athletic Club,0:2,Final,https://www.livefutbol.com/match-report/co97/primera-division/ma11223278/levante-ud_athletic-club/lineup/
Liga 1 España,14. Jornada,29.11.2025,21:00,Atlético de Madrid,Real Oviedo,2:0,Final,https://www.livefutbol.com/match-report/co97/primera-division/ma11223257/atletico-de-madrid_real-oviedo/lineup/
Liga 1 España,14. Jornada,30.11.2025,14:00,Real Sociedad,Villarreal CF,2:3,Final,https://www.livefutbol.com/match-report/co97/primera-division/ma11223272/real-sociedad_villarreal-cf/lineup/
Liga 1 España,14. Jornada,30.11.2025,16:15,Sevilla FC,Real Betis,0:2,Final,https://www.livefutbol.com/match-report/co97/primera-division/ma11223281/sevilla-fc_real-betis/lineup/
Liga 1 España,14. Jornada,30.11.2025,18:30,RC Celta,Espanyol Barcelona,0:1,Final,https://www.livefutbol.com/match-report/co97/primera-division/ma11223260/rc-celta_espanyol-barcelona/lineup/
Liga 1 España,14. Jornada,30.11.2025,21:00,Girona FC,Real Madrid,1:1,Final,https://www.livefutbol.com/match-report/co97/primera-division/ma11223263/girona-fc_real-madrid/lineup/
Liga 1 España,14. Jornada,01.12.2025,21:00,Rayo Vallecano,Valencia CF,1:1,Final,https://www.livefutbol.com/match-report/co97/primera-division/ma11223269/rayo-vallecano_valencia-cf/lineup/
Liga 1 España,15. Jornada,05.12.2025,21:00,Real Oviedo,RCD Mallorca,0:0,Final,https://www.livefutbol.com/match-report/co97/primera-division/ma11223311/real-oviedo_rcd-mallorca/lineup/
Liga 1 España,15. Jornada,06.12.2025,14:00,Villarreal CF,Getafe CF,2:0,Final,https://www.livefutbol.com/match-report/co97/primera-division/ma11223305/villarreal-cf_getafe-cf/lineup/
Liga 1 España,15. Jornada,06.12.2025,16:15,CD Alavés,Real Sociedad,1:0,Final,https://www.livefutbol.com/match-report/co97/primera-division/ma11223287/cd-alaves_real-sociedad/lineup/
Liga 1 España,15. Jornada,06.12.2025,18:30,Real Betis,FC Barcelona,3:5,Final,https://www.livefutbol.com/match-report/co97/primera-division/ma11223299/real-betis_fc-barcelona/lineup/
Liga 1 España,15. Jornada,06.12.2025,21:00,Athletic Club,Atlético de Madrid,1:0,Final,https://www.livefutbol.com/match-report/co97/primera-division/ma11223290/athletic-club_atletico-de-madrid/lineup/
Liga 1 España,15. Jornada,07.12.2025,14:00,Elche CF,Girona FC,3:0,Final,https://www.livefutbol.com/match-report/co97/primera-division/ma11223293/elche-cf_girona-fc/lineup/
Liga 1 España,15. Jornada,07.12.2025,16:15,Valencia CF,Sevilla FC,1:1,Final,https://www.livefutbol.com/match-report/co97/primera-division/ma11223314/valencia-cf_sevilla-fc/lineup/
Liga 1 España,15. Jornada,07.12.2025,18:30,Espanyol Barcelona,Rayo Vallecano,1:0,Final,https://www.livefutbol.com/match-report/co97/primera-division/ma11223296/espanyol-barcelona_rayo-vallecano/lineup/
Liga 1 España,15. Jornada,07.12.2025,21:00,Real Madrid,RC Celta,0:2,Final,https://www.livefutbol.com/match-report/co97/primera-division/ma11223302/real-madrid_rc-celta/lineup/
Liga 1 España,15. Jornada,08.12.2025,21:00,CA Osasuna,Levante UD,2:0,Final,https://www.livefutbol.com/match-report/co97/primera-division/ma11223308/ca-osasuna_levante-ud/lineup/
Liga 1 España,16. Jornada,12.12.2025,21:00,Real Sociedad,Girona FC,1:2,Final,https://www.livefutbol.com/match-report/co97/primera-division/ma11223341/real-sociedad_girona-fc/lineup/
Liga 1 España,16. Jornada,13.12.2025,14:00,Atlético de Madrid,Valencia CF,2:1,Final,https://www.livefutbol.com/match-report/co97/primera-division/ma11223320/atletico-de-madrid_valencia-cf/lineup/
Liga 1 España,16. Jornada,13.12.2025,16:15,RCD Mallorca,Elche CF,3:1,Final,https://www.livefutbol.com/match-report/co97/primera-division/ma11223335/rcd-mallorca_elche-cf/lineup/
Liga 1 España,16. Jornada,13.12.2025,18:30,FC Barcelona,CA Osasuna,2:0,Final,https://www.livefutbol.com/match-report/co97/primera-division/ma11223323/fc-barcelona_ca-osasuna/lineup/
Liga 1 España,16. Jornada,13.12.2025,21:00,Getafe CF,Espanyol Barcelona,0:1,Final,https://www.livefutbol.com/match-report/co97/primera-division/ma11223338/getafe-cf_espanyol-barcelona/lineup/
Liga 1 España,16. Jornada,14.12.2025,14:00,Sevilla FC,Real Oviedo,4:0,Final,https://www.livefutbol.com/match-report/co97/primera-division/ma11223344/sevilla-fc_real-oviedo/lineup/
Liga 1 España,16. Jornada,14.12.2025,16:15,RC Celta,Athletic Club,2:0,Final,https://www.livefutbol.com/match-report/co97/primera-division/ma11223329/rc-celta_athletic-club/lineup/
Liga 1 España,16. Jornada,14.12.2025,21:00,CD Alavés,Real Madrid,1:2,Final,https://www.livefutbol.com/match-report/co97/primera-division/ma11223317/cd-alaves_real-madrid/lineup/
Liga 1 España,16. Jornada,15.12.2025,21:00,Rayo Vallecano,Real Betis,0:0,Final,https://www.livefutbol.com/match-report/co97/primera-division/ma11223332/rayo-vallecano_real-betis/lineup/
Liga 1 España,16. Jornada,18.02.2026,20:00,Levante UD,Villarreal CF,0:1,Final,https://www.livefutbol.com/match-report/co97/primera-division/ma11223326/levante-ud_villarreal-cf/lineup/
Liga 1 España,17. Jornada,19.12.2025,21:00,Valencia CF,RCD Mallorca,1:1,Final,https://www.livefutbol.com/match-report/co97/primera-division/ma11223374/valencia-cf_rcd-mallorca/lineup/
Liga 1 España,17. Jornada,20.12.2025,14:00,Real Oviedo,RC Celta,0:0,Final,https://www.livefutbol.com/match-report/co97/primera-division/ma11223371/real-oviedo_rc-celta/lineup/
Liga 1 España,17. Jornada,20.12.2025,16:15,Levante UD,Real Sociedad,1:1,Final,https://www.livefutbol.com/match-report/co97/primera-division/ma11223356/levante-ud_real-sociedad/lineup/
Liga 1 España,17. Jornada,20.12.2025,18:30,CA Osasuna,CD Alavés,3:0,Final,https://www.livefutbol.com/match-report/co97/primera-division/ma11223362/ca-osasuna_cd-alaves/lineup/
Liga 1 España,17. Jornada,20.12.2025,21:00,Real Madrid,Sevilla FC,2:0,Final,https://www.livefutbol.com/match-report/co97/primera-division/ma11223359/real-madrid_sevilla-fc/lineup/
Liga 1 España,17. Jornada,21.12.2025,14:00,Girona FC,Atlético de Madrid,0:3,Final,https://www.livefutbol.com/match-report/co97/primera-division/ma11223365/girona-fc_atletico-de-madrid/lineup/
Liga 1 España,17. Jornada,21.12.2025,16:15,Villarreal CF,FC Barcelona,0:2,Final,https://www.livefutbol.com/match-report/co97/primera-division/ma11223368/villarreal-cf_fc-barcelona/lineup/
Liga 1 España,17. Jornada,21.12.2025,18:30,Elche CF,Rayo Vallecano,4:0,Final,https://www.livefutbol.com/match-report/co97/primera-division/ma11223353/elche-cf_rayo-vallecano/lineup/
Liga 1 España,17. Jornada,21.12.2025,21:00,Real Betis,Getafe CF,4:0,Final,https://www.livefutbol.com/match-report/co97/primera-division/ma11223350/real-betis_getafe-cf/lineup/
Liga 1 España,17. Jornada,22.12.2025,21:00,Athletic Club,Espanyol Barcelona,1:2,Final,https://www.livefutbol.com/match-report/co97/primera-division/ma11223347/athletic-club_espanyol-barcelona/lineup/
Liga 1 España,18. Jornada,02.01.2026,21:00,Rayo Vallecano,Getafe CF,1:1,Final,https://www.livefutbol.com/match-report/co97/primera-division/ma11223398/rayo-vallecano_getafe-cf/lineup/
Liga 1 España,18. Jornada,03.01.2026,14:00,RC Celta,Valencia CF,4:1,Final,https://www.livefutbol.com/match-report/co97/primera-division/ma11223380/rc-celta_valencia-cf/lineup/
Liga 1 España,18. Jornada,03.01.2026,16:15,CA Osasuna,Athletic Club,1:1,Final,https://www.livefutbol.com/match-report/co97/primera-division/ma11223386/ca-osasuna_athletic-club/lineup/
Liga 1 España,18. Jornada,03.01.2026,18:30,Elche CF,Villarreal CF,1:3,Final,https://www.livefutbol.com/match-report/co97/primera-division/ma11223383/elche-cf_villarreal-cf/lineup/
Liga 1 España,18. Jornada,03.01.2026,21:00,Espanyol Barcelona,FC Barcelona,0:2,Final,https://www.livefutbol.com/match-report/co97/primera-division/ma11223392/espanyol-barcelona_fc-barcelona/lineup/
Liga 1 España,18. Jornada,04.01.2026,14:00,Sevilla FC,Levante UD,0:3,Final,https://www.livefutbol.com/match-report/co97/primera-division/ma11223404/sevilla-fc_levante-ud/lineup/
Liga 1 España,18. Jornada,04.01.2026,16:15,Real Madrid,Real Betis,5:1,Final,https://www.livefutbol.com/match-report/co97/primera-division/ma11223395/real-madrid_real-betis/lineup/
Liga 1 España,18. Jornada,04.01.2026,18:30,CD Alavés,Real Oviedo,1:1,Final,https://www.livefutbol.com/match-report/co97/primera-division/ma11223377/cd-alaves_real-oviedo/lineup/
Liga 1 España,18. Jornada,04.01.2026,18:30,RCD Mallorca,Girona FC,1:2,Final,https://www.livefutbol.com/match-report/co97/primera-division/ma11223401/rcd-mallorca_girona-fc/lineup/
Liga 1 España,18. Jornada,04.01.2026,21:00,Real Sociedad,Atlético de Madrid,1:1,Final,https://www.livefutbol.com/match-report/co97/primera-division/ma11223389/real-sociedad_atletico-de-madrid/lineup/
Liga 1 España,19. Jornada,02.12.2025,21:00,FC Barcelona,Atlético de Madrid,3:1,Final,https://www.livefutbol.com/match-report/co97/primera-division/ma11223419/fc-barcelona_atletico-de-madrid/lineup/
Liga 1 España,19. Jornada,03.12.2025,19:00,Athletic Club,Real Madrid,0:3,Final,https://www.livefutbol.com/match-report/co97/primera-division/ma11223407/athletic-club_real-madrid/lineup/
Liga 1 España,19. Jornada,09.01.2026,21:00,Getafe CF,Real Sociedad,1:2,Final,https://www.livefutbol.com/match-report/co97/primera-division/ma11223410/getafe-cf_real-sociedad/lineup/
Liga 1 España,19. Jornada,10.01.2026,14:00,Real Oviedo,Real Betis,1:1,Final,https://www.livefutbol.com/match-report/co97/primera-division/ma11223422/real-oviedo_real-betis/lineup/
Liga 1 España,19. Jornada,10.01.2026,16:15,Villarreal CF,CD Alavés,3:1,Final,https://www.livefutbol.com/match-report/co97/primera-division/ma11223416/villarreal-cf_cd-alaves/lineup/
Liga 1 España,19. Jornada,10.01.2026,18:30,Girona FC,CA Osasuna,1:0,Final,https://www.livefutbol.com/match-report/co97/primera-division/ma11223413/girona-fc_ca-osasuna/lineup/
Liga 1 España,19. Jornada,10.01.2026,21:00,Valencia CF,Elche CF,1:1,Final,https://www.livefutbol.com/match-report/co97/primera-division/ma11223428/valencia-cf_elche-cf/lineup/
Liga 1 España,19. Jornada,11.01.2026,14:00,Rayo Vallecano,RCD Mallorca,2:1,Final,https://www.livefutbol.com/match-report/co97/primera-division/ma11223434/rayo-vallecano_rcd-mallorca/lineup/
Liga 1 España,19. Jornada,11.01.2026,16:15,Levante UD,Espanyol Barcelona,1:1,Final,https://www.livefutbol.com/match-report/co97/primera-division/ma11223431/levante-ud_espanyol-barcelona/lineup/
Liga 1 España,19. Jornada,12.01.2026,21:00,Sevilla FC,RC Celta,0:1,Final,https://www.livefutbol.com/match-report/co97/primera-division/ma11223425/sevilla-fc_rc-celta/lineup/
Liga 1 España,20. Jornada,16.01.2026,21:00,Espanyol Barcelona,Girona FC,0:2,Final,https://www.livefutbol.com/match-report/co97/primera-division/ma11223446/espanyol-barcelona_girona-fc/lineup/
Liga 1 España,20. Jornada,17.01.2026,14:00,Real Madrid,Levante UD,2:0,Final,https://www.livefutbol.com/match-report/co97/primera-division/ma11223464/real-madrid_levante-ud/lineup/
Liga 1 España,20. Jornada,17.01.2026,16:15,RCD Mallorca,Athletic Club,3:2,Final,https://www.livefutbol.com/match-report/co97/primera-division/ma11223458/rcd-mallorca_athletic-club/lineup/
Liga 1 España,20. Jornada,17.01.2026,18:30,CA Osasuna,Real Oviedo,3:2,Final,https://www.livefutbol.com/match-report/co97/primera-division/ma11223452/ca-osasuna_real-oviedo/lineup/
Liga 1 España,20. Jornada,17.01.2026,21:00,Real Betis,Villarreal CF,2:0,Final,https://www.livefutbol.com/match-report/co97/primera-division/ma11223437/real-betis_villarreal-cf/lineup/
Liga 1 España,20. Jornada,18.01.2026,14:00,Getafe CF,Valencia CF,0:1,Final,https://www.livefutbol.com/match-report/co97/primera-division/ma11223449/getafe-cf_valencia-cf/lineup/
Liga 1 España,20. Jornada,18.01.2026,16:15,Atlético de Madrid,CD Alavés,1:0,Final,https://www.livefutbol.com/match-report/co97/primera-division/ma11223455/atletico-de-madrid_cd-alaves/lineup/
Liga 1 España,20. Jornada,18.01.2026,18:30,RC Celta,Rayo Vallecano,3:0,Final,https://www.livefutbol.com/match-report/co97/primera-division/ma11223440/rc-celta_rayo-vallecano/lineup/
Liga 1 España,20. Jornada,18.01.2026,21:00,Real Sociedad,FC Barcelona,2:1,Final,https://www.livefutbol.com/match-report/co97/primera-division/ma11223461/real-sociedad_fc-barcelona/lineup/
Liga 1 España,20. Jornada,19.01.2026,21:00,Elche CF,Sevilla FC,2:2,Final,https://www.livefutbol.com/match-report/co97/primera-division/ma11223443/elche-cf_sevilla-fc/lineup/
Liga 1 España,21. Jornada,23.01.2026,21:00,Levante UD,Elche CF,3:2,Final,https://www.livefutbol.com/match-report/co97/primera-division/ma11223482/levante-ud_elche-cf/lineup/
Liga 1 España,21. Jornada,24.01.2026,14:00,Rayo Vallecano,CA Osasuna,1:3,Final,https://www.livefutbol.com/match-report/co97/primera-division/ma11223491/rayo-vallecano_ca-osasuna/lineup/
Liga 1 España,21. Jornada,24.01.2026,16:15,Valencia CF,Espanyol Barcelona,3:2,Final,https://www.livefutbol.com/match-report/co97/primera-division/ma11223485/valencia-cf_espanyol-barcelona/lineup/
Liga 1 España,21. Jornada,24.01.2026,18:30,Sevilla FC,Athletic Club,2:1,Final,https://www.livefutbol.com/match-report/co97/primera-division/ma11223476/sevilla-fc_athletic-club/lineup/
Liga 1 España,21. Jornada,24.01.2026,21:00,Villarreal CF,Real Madrid,0:2,Final,https://www.livefutbol.com/match-report/co97/primera-division/ma11223494/villarreal-cf_real-madrid/lineup/
Liga 1 España,21. Jornada,25.01.2026,14:00,Atlético de Madrid,RCD Mallorca,3:0,Final,https://www.livefutbol.com/match-report/co97/primera-division/ma11223470/atletico-de-madrid_rcd-mallorca/lineup/
Liga 1 España,21. Jornada,25.01.2026,16:15,FC Barcelona,Real Oviedo,3:0,Final,https://www.livefutbol.com/match-report/co97/primera-division/ma11223473/fc-barcelona_real-oviedo/lineup/
Liga 1 España,21. Jornada,25.01.2026,18:30,Real Sociedad,RC Celta,3:1,Final,https://www.livefutbol.com/match-report/co97/primera-division/ma11223479/real-sociedad_rc-celta/lineup/
Liga 1 España,21. Jornada,25.01.2026,21:00,CD Alavés,Real Betis,2:1,Final,https://www.livefutbol.com/match-report/co97/primera-division/ma11223467/cd-alaves_real-betis/lineup/
Liga 1 España,21. Jornada,26.01.2026,21:00,Girona FC,Getafe CF,1:1,Final,https://www.livefutbol.com/match-report/co97/primera-division/ma11223488/girona-fc_getafe-cf/lineup/
Liga 1 España,22. Jornada,30.01.2026,21:00,Espanyol Barcelona,CD Alavés,1:2,Final,https://www.livefutbol.com/match-report/co97/primera-division/ma11223509/espanyol-barcelona_cd-alaves/lineup/
Liga 1 España,22. Jornada,31.01.2026,14:00,Real Oviedo,Girona FC,1:0,Final,https://www.livefutbol.com/match-report/co97/primera-division/ma11223521/real-oviedo_girona-fc/lineup/
Liga 1 España,22. Jornada,31.01.2026,16:15,CA Osasuna,Villarreal CF,2:2,Final,https://www.livefutbol.com/match-report/co97/primera-division/ma11223506/ca-osasuna_villarreal-cf/lineup/
Liga 1 España,22. Jornada,31.01.2026,18:30,Levante UD,Atlético de Madrid,0:0,Final,https://www.livefutbol.com/match-report/co97/primera-division/ma11223512/levante-ud_atletico-de-madrid/lineup/
Liga 1 España,22. Jornada,31.01.2026,21:00,Elche CF,FC Barcelona,1:3,Final,https://www.livefutbol.com/match-report/co97/primera-division/ma11223515/elche-cf_fc-barcelona/lineup/
Liga 1 España,22. Jornada,01.02.2026,14:00,Real Madrid,Rayo Vallecano,2:1,Final,https://www.livefutbol.com/match-report/co97/primera-division/ma11223524/real-madrid_rayo-vallecano/lineup/
Liga 1 España,22. Jornada,01.02.2026,16:15,Real Betis,Valencia CF,2:1,Final,https://www.livefutbol.com/match-report/co97/primera-division/ma11223500/real-betis_valencia-cf/lineup/
Liga 1 España,22. Jornada,01.02.2026,18:30,Getafe CF,RC Celta,0:0,Final,https://www.livefutbol.com/match-report/co97/primera-division/ma11223518/getafe-cf_rc-celta/lineup/
Liga 1 España,22. Jornada,01.02.2026,21:00,Athletic Club,Real Sociedad,1:1,Final,https://www.livefutbol.com/match-report/co97/primera-division/ma11223497/athletic-club_real-sociedad/lineup/
Liga 1 España,22. Jornada,02.02.2026,21:00,RCD Mallorca,Sevilla FC,4:1,Final,https://www.livefutbol.com/match-report/co97/primera-division/ma11223503/rcd-mallorca_sevilla-fc/lineup/
Liga 1 España,23. Jornada,06.02.2026,21:00,RC Celta,CA Osasuna,1:2,Final,https://www.livefutbol.com/match-report/co97/primera-division/ma11223539/rc-celta_ca-osasuna/lineup/
Liga 1 España,23. Jornada,07.02.2026,16:15,FC Barcelona,RCD Mallorca,3:0,Final,https://www.livefutbol.com/match-report/co97/primera-division/ma11223536/fc-barcelona_rcd-mallorca/lineup/
Liga 1 España,23. Jornada,07.02.2026,21:00,Real Sociedad,Elche CF,3:1,Final,https://www.livefutbol.com/match-report/co97/primera-division/ma11223542/real-sociedad_elche-cf/lineup/
Liga 1 España,23. Jornada,08.02.2026,14:00,CD Alavés,Getafe CF,0:2,Final,https://www.livefutbol.com/match-report/co97/primera-division/ma11223527/cd-alaves_getafe-cf/lineup/
Liga 1 España,23. Jornada,08.02.2026,16:15,Athletic Club,Levante UD,4:2,Final,https://www.livefutbol.com/match-report/co97/primera-division/ma11223530/athletic-club_levante-ud/lineup/
Liga 1 España,23. Jornada,08.02.2026,16:15,Sevilla FC,Girona FC,1:1,Final,https://www.livefutbol.com/match-report/co97/primera-division/ma11223548/sevilla-fc_girona-fc/lineup/
Liga 1 España,23. Jornada,08.02.2026,18:30,Atlético de Madrid,Real Betis,0:1,Final,https://www.livefutbol.com/match-report/co97/primera-division/ma11223533/atletico-de-madrid_real-betis/lineup/
Liga 1 España,23. Jornada,08.02.2026,21:00,Valencia CF,Real Madrid,0:2,Final,https://www.livefutbol.com/match-report/co97/primera-division/ma11223551/valencia-cf_real-madrid/lineup/
Liga 1 España,23. Jornada,09.02.2026,21:00,Villarreal CF,Espanyol Barcelona,4:1,Final,https://www.livefutbol.com/match-report/co97/primera-division/ma11223545/villarreal-cf_espanyol-barcelona/lineup/
Liga 1 España,23. Jornada,04.03.2026,19:00,Rayo Vallecano,Real Oviedo,3:0,Final,https://www.livefutbol.com/match-report/co97/primera-division/ma11223554/rayo-vallecano_real-oviedo/lineup/
Liga 1 España,24. Jornada,13.02.2026,21:00,Elche CF,CA Osasuna,0:0,Final,https://www.livefutbol.com/match-report/co97/primera-division/ma11223557/elche-cf_ca-osasuna/lineup/
Liga 1 España,24. Jornada,14.02.2026,14:00,Espanyol Barcelona,RC Celta,2:2,Final,https://www.livefutbol.com/match-report/co97/primera-division/ma11223584/espanyol-barcelona_rc-celta/lineup/
Liga 1 España,24. Jornada,14.02.2026,16:15,Getafe CF,Villarreal CF,2:1,Final,https://www.livefutbol.com/match-report/co97/primera-division/ma11223560/getafe-cf_villarreal-cf/lineup/
Liga 1 España,24. Jornada,14.02.2026,18:30,Sevilla FC,CD Alavés,1:1,Final,https://www.livefutbol.com/match-report/co97/primera-division/ma11223569/sevilla-fc_cd-alaves/lineup/
Liga 1 España,24. Jornada,14.02.2026,21:00,Real Madrid,Real Sociedad,4:1,Final,https://www.livefutbol.com/match-report/co97/primera-division/ma11223566/real-madrid_real-sociedad/lineup/
Liga 1 España,24. Jornada,15.02.2026,14:00,Real Oviedo,Athletic Club,1:2,Final,https://www.livefutbol.com/match-report/co97/primera-division/ma11223572/real-oviedo_athletic-club/lineup/
Liga 1 España,24. Jornada,15.02.2026,16:15,Rayo Vallecano,Atlético de Madrid,3:0,Final,https://www.livefutbol.com/match-report/co97/primera-division/ma11223575/rayo-vallecano_atletico-de-madrid/lineup/
Liga 1 España,24. Jornada,15.02.2026,18:30,Levante UD,Valencia CF,0:2,Final,https://www.livefutbol.com/match-report/co97/primera-division/ma11223563/levante-ud_valencia-cf/lineup/
Liga 1 España,24. Jornada,15.02.2026,21:00,RCD Mallorca,Real Betis,1:2,Final,https://www.livefutbol.com/match-report/co97/primera-division/ma11223581/rcd-mallorca_real-betis/lineup/
Liga 1 España,24. Jornada,16.02.2026,21:00,Girona FC,FC Barcelona,2:1,Final,https://www.livefutbol.com/match-report/co97/primera-division/ma11223578/girona-fc_fc-barcelona/lineup/
Liga 1 España,25. Jornada,20.02.2026,21:00,Athletic Club,Elche CF,2:1,Final,https://www.livefutbol.com/match-report/co97/primera-division/ma11223590/athletic-club_elche-cf/lineup/
Liga 1 España,25. Jornada,21.02.2026,14:00,Real Sociedad,Real Oviedo,3:3,Final,https://www.livefutbol.com/match-report/co97/primera-division/ma11223614/real-sociedad_real-oviedo/lineup/
Liga 1 España,25. Jornada,21.02.2026,16:15,Real Betis,Rayo Vallecano,1:1,Final,https://www.livefutbol.com/match-report/co97/primera-division/ma11223599/real-betis_rayo-vallecano/lineup/
Liga 1 España,25. Jornada,21.02.2026,18:30,CA Osasuna,Real Madrid,2:1,Final,https://www.livefutbol.com/match-report/co97/primera-division/ma11223608/ca-osasuna_real-madrid/lineup/
Liga 1 España,25. Jornada,21.02.2026,21:00,Atlético de Madrid,Espanyol Barcelona,4:2,Final,https://www.livefutbol.com/match-report/co97/primera-division/ma11223593/atletico-de-madrid_espanyol-barcelona/lineup/
Liga 1 España,25. Jornada,22.02.2026,14:00,Getafe CF,Sevilla FC,0:1,Final,https://www.livefutbol.com/match-report/co97/primera-division/ma11223605/getafe-cf_sevilla-fc/lineup/
Liga 1 España,25. Jornada,22.02.2026,16:15,FC Barcelona,Levante UD,3:0,Final,https://www.livefutbol.com/match-report/co97/primera-division/ma11223596/fc-barcelona_levante-ud/lineup/
Liga 1 España,25. Jornada,22.02.2026,18:30,RC Celta,RCD Mallorca,2:0,Final,https://www.livefutbol.com/match-report/co97/primera-division/ma11223602/rc-celta_rcd-mallorca/lineup/
Liga 1 España,25. Jornada,22.02.2026,21:00,Villarreal CF,Valencia CF,2:1,Final,https://www.livefutbol.com/match-report/co97/primera-division/ma11223611/villarreal-cf_valencia-cf/lineup/
Liga 1 España,25. Jornada,23.02.2026,21:00,CD Alavés,Girona FC,2:2,Final,https://www.livefutbol.com/match-report/co97/primera-division/ma11223587/cd-alaves_girona-fc/lineup/
Liga 1 España,26. Jornada,27.02.2026,21:00,Levante UD,CD Alavés,2:0,Final,https://www.livefutbol.com/match-report/co97/primera-division/ma11223629/levante-ud_cd-alaves/lineup/
Liga 1 España,26. Jornada,28.02.2026,14:00,Rayo Vallecano,Athletic Club,1:1,Final,https://www.livefutbol.com/match-report/co97/primera-division/ma11223632/rayo-vallecano_athletic-club/lineup/
Liga 1 España,26. Jornada,28.02.2026,16:15,FC Barcelona,Villarreal CF,4:1,Final,https://www.livefutbol.com/match-report/co97/primera-division/ma11223617/fc-barcelona_villarreal-cf/lineup/
Liga 1 España,26. Jornada,28.02.2026,18:30,RCD Mallorca,Real Sociedad,0:1,Final,https://www.livefutbol.com/match-report/co97/primera-division/ma11223626/rcd-mallorca_real-sociedad/lineup/
Liga 1 España,26. Jornada,28.02.2026,21:00,Real Oviedo,Atlético de Madrid,0:1,Final,https://www.livefutbol.com/match-report/co97/primera-division/ma11223635/real-oviedo_atletico-de-madrid/lineup/
Liga 1 España,26. Jornada,01.03.2026,14:00,Elche CF,Espanyol Barcelona,2:2,Final,https://www.livefutbol.com/match-report/co97/primera-division/ma11223623/elche-cf_espanyol-barcelona/lineup/
Liga 1 España,26. Jornada,01.03.2026,16:15,Valencia CF,CA Osasuna,1:0,Final,https://www.livefutbol.com/match-report/co97/primera-division/ma11223644/valencia-cf_ca-osasuna/lineup/
Liga 1 España,26. Jornada,01.03.2026,18:30,Real Betis,Sevilla FC,2:2,Final,https://www.livefutbol.com/match-report/co97/primera-division/ma11223620/real-betis_sevilla-fc/lineup/
Liga 1 España,26. Jornada,01.03.2026,21:00,Girona FC,RC Celta,1:2,Final,https://www.livefutbol.com/match-report/co97/primera-division/ma11223638/girona-fc_rc-celta/lineup/
Liga 1 España,26. Jornada,02.03.2026,21:00,Real Madrid,Getafe CF,0:1,Final,https://www.livefutbol.com/match-report/co97/primera-division/ma11223641/real-madrid_getafe-cf/lineup/
Liga 1 España,27. Jornada,06.03.2026,21:00,RC Celta,Real Madrid,1:2,Final,https://www.livefutbol.com/match-report/co97/primera-division/ma11223653/rc-celta_real-madrid/lineup/
Liga 1 España,27. Jornada,07.03.2026,14:00,CA Osasuna,RCD Mallorca,2:2,Final,https://www.livefutbol.com/match-report/co97/primera-division/ma11223671/ca-osasuna_rcd-mallorca/lineup/
Liga 1 España,27. Jornada,07.03.2026,16:15,Levante UD,Girona FC,1:1,Final,https://www.livefutbol.com/match-report/co97/primera-division/ma11223668/levante-ud_girona-fc/lineup/
Liga 1 España,27. Jornada,07.03.2026,18:30,Atlético de Madrid,Real Sociedad,3:2,Final,https://www.livefutbol.com/match-report/co97/primera-division/ma11223650/atletico-de-madrid_real-sociedad/lineup/
Liga 1 España,27. Jornada,07.03.2026,21:00,Athletic Club,FC Barcelona,0:1,Final,https://www.livefutbol.com/match-report/co97/primera-division/ma11223647/athletic-club_fc-barcelona/lineup/
Liga 1 España,27. Jornada,08.03.2026,14:00,Villarreal CF,Elche CF,2:1,Final,https://www.livefutbol.com/match-report/co97/primera-division/ma11223665/villarreal-cf_elche-cf/lineup/
Liga 1 España,27. Jornada,08.03.2026,16:15,Getafe CF,Real Betis,2:0,Final,https://www.livefutbol.com/match-report/co97/primera-division/ma11223662/getafe-cf_real-betis/lineup/
Liga 1 España,27. Jornada,08.03.2026,18:30,Sevilla FC,Rayo Vallecano,1:1,Final,https://www.livefutbol.com/match-report/co97/primera-division/ma11223674/sevilla-fc_rayo-vallecano/lineup/
Liga 1 España,27. Jornada,08.03.2026,21:00,Valencia CF,CD Alavés,3:2,Final,https://www.livefutbol.com/match-report/co97/primera-division/ma11223659/valencia-cf_cd-alaves/lineup/
Liga 1 España,27. Jornada,09.03.2026,21:00,Espanyol Barcelona,Real Oviedo,1:1,Final,https://www.livefutbol.com/match-report/co97/primera-division/ma11223656/espanyol-barcelona_real-oviedo/lineup/
Liga 1 España,28. Jornada,13.03.2026,21:00,CD Alavés,Villarreal CF,1:1,Final,https://www.livefutbol.com/match-report/co97/primera-division/ma11223677/cd-alaves_villarreal-cf/lineup/
Liga 1 España,28. Jornada,14.03.2026,14:00,Girona FC,Athletic Club,3:0,Final,https://www.livefutbol.com/match-report/co97/primera-division/ma11223692/girona-fc_athletic-club/lineup/
Liga 1 España,28. Jornada,14.03.2026,16:15,Atlético de Madrid,Getafe CF,1:0,Final,https://www.livefutbol.com/match-report/co97/primera-division/ma11223680/atletico-de-madrid_getafe-cf/lineup/
Liga 1 España,28. Jornada,14.03.2026,18:30,Real Oviedo,Valencia CF,1:0,Final,https://www.livefutbol.com/match-report/co97/primera-division/ma11223689/real-oviedo_valencia-cf/lineup/
Liga 1 España,28. Jornada,14.03.2026,21:00,Real Madrid,Elche CF,4:1,Final,https://www.livefutbol.com/match-report/co97/primera-division/ma11223695/real-madrid_elche-cf/lineup/
Liga 1 España,28. Jornada,15.03.2026,14:00,RCD Mallorca,Espanyol Barcelona,2:1,Final,https://www.livefutbol.com/match-report/co97/primera-division/ma11223698/rcd-mallorca_espanyol-barcelona/lineup/
Liga 1 España,28. Jornada,15.03.2026,16:15,FC Barcelona,Sevilla FC,5:2,Final,https://www.livefutbol.com/match-report/co97/primera-division/ma11223683/fc-barcelona_sevilla-fc/lineup/
Liga 1 España,28. Jornada,15.03.2026,18:30,Real Betis,RC Celta,1:1,Final,https://www.livefutbol.com/match-report/co97/primera-division/ma11223686/real-betis_rc-celta/lineup/
Liga 1 España,28. Jornada,15.03.2026,21:00,Real Sociedad,CA Osasuna,3:1,Final,https://www.livefutbol.com/match-report/co97/primera-division/ma11223704/real-sociedad_ca-osasuna/lineup/
Liga 1 España,28. Jornada,16.03.2026,21:00,Rayo Vallecano,Levante UD,1:1,Final,https://www.livefutbol.com/match-report/co97/primera-division/ma11223701/rayo-vallecano_levante-ud/lineup/
Liga 1 España,29. Jornada,20.03.2026,21:00,Villarreal CF,Real Sociedad,3:1,Final,https://www.livefutbol.com/match-report/co97/primera-division/ma11223734/villarreal-cf_real-sociedad/lineup/
Liga 1 España,29. Jornada,21.03.2026,14:00,Elche CF,RCD Mallorca,-:-,,https://www.livefutbol.com/match-report/co97/primera-division/ma11223713/elche-cf_rcd-mallorca/head-to-head/
Liga 1 España,29. Jornada,21.03.2026,16:15,Espanyol Barcelona,Getafe CF,-:-,,https://www.livefutbol.com/match-report/co97/primera-division/ma11223716/espanyol-barcelona_getafe-cf/head-to-head/
Liga 1 España,29. Jornada,21.03.2026,18:30,Levante UD,Real Oviedo,-:-,,https://www.livefutbol.com/match-report/co97/primera-division/ma11223719/levante-ud_real-oviedo/head-to-head/
Liga 1 España,29. Jornada,21.03.2026,18:30,CA Osasuna,Girona FC,-:-,,https://www.livefutbol.com/match-report/co97/primera-division/ma11223731/ca-osasuna_girona-fc/head-to-head/
Liga 1 España,29. Jornada,21.03.2026,21:00,Sevilla FC,Valencia CF,-:-,,https://www.livefutbol.com/match-report/co97/primera-division/ma11223722/sevilla-fc_valencia-cf/head-to-head/
Liga 1 España,29. Jornada,22.03.2026,14:00,FC Barcelona,Rayo Vallecano,-:-,,https://www.livefutbol.com/match-report/co97/primera-division/ma11223710/fc-barcelona_rayo-vallecano/head-to-head/
Liga 1 España,29. Jornada,22.03.2026,16:15,RC Celta,CD Alavés,-:-,,https://www.livefutbol.com/match-report/co97/primera-division/ma11223725/rc-celta_cd-alaves/head-to-head/
Liga 1 España,29. Jornada,22.03.2026,18:30,Athletic Club,Real Betis,-:-,,https://www.livefutbol.com/match-report/co97/primera-division/ma11223707/athletic-club_real-betis/head-to-head/
Liga 1 España,29. Jornada,22.03.2026,21:00,Real Madrid,Atlético de Madrid,-:-,,https://www.livefutbol.com/match-report/co97/primera-division/ma11223728/real-madrid_atletico-de-madrid/head-to-head/
Liga 1 España,30. Jornada,03.04.2026,21:00,Rayo Vallecano,Elche CF,-:-,,https://www.livefutbol.com/match-report/co97/primera-division/ma11223761/rayo-vallecano_elche-cf/head-to-head/
Liga 1 España,30. Jornada,04.04.2026,14:00,Real Sociedad,Levante UD,-:-,,https://www.livefutbol.com/match-report/co97/primera-division/ma11223764/real-sociedad_levante-ud/head-to-head/
Liga 1 España,30. Jornada,04.04.2026,16:15,RCD Mallorca,Real Madrid,-:-,,https://www.livefutbol.com/match-report/co97/primera-division/ma11223749/rcd-mallorca_real-madrid/head-to-head/
Liga 1 España,30. Jornada,04.04.2026,18:30,Real Betis,Espanyol Barcelona,-:-,,https://www.livefutbol.com/match-report/co97/primera-division/ma11223743/real-betis_espanyol-barcelona/head-to-head/
Liga 1 España,30. Jornada,04.04.2026,21:00,Atlético de Madrid,FC Barcelona,-:-,,https://www.livefutbol.com/match-report/co97/primera-division/ma11223740/atletico-de-madrid_fc-barcelona/head-to-head/
Liga 1 España,30. Jornada,05.04.2026,14:00,Getafe CF,Athletic Club,-:-,,https://www.livefutbol.com/match-report/co97/primera-division/ma11223755/getafe-cf_athletic-club/head-to-head/
Liga 1 España,30. Jornada,05.04.2026,16:15,Valencia CF,RC Celta,-:-,,https://www.livefutbol.com/match-report/co97/primera-division/ma11223758/valencia-cf_rc-celta/head-to-head/
Liga 1 España,30. Jornada,05.04.2026,18:30,Real Oviedo,Sevilla FC,-:-,,https://www.livefutbol.com/match-report/co97/primera-division/ma11223752/real-oviedo_sevilla-fc/head-to-head/
Liga 1 España,30. Jornada,05.04.2026,21:00,CD Alavés,CA Osasuna,-:-,,https://www.livefutbol.com/match-report/co97/primera-division/ma11223737/cd-alaves_ca-osasuna/head-to-head/
Liga 1 España,30. Jornada,06.04.2026,21:00,Girona FC,Villarreal CF,-:-,,https://www.livefutbol.com/match-report/co97/primera-division/ma11223746/girona-fc_villarreal-cf/head-to-head/
Liga 1 España,31. Jornada,10.04.2026,21:00,Real Madrid,Girona FC,-:-,,https://www.livefutbol.com/match-report/co97/primera-division/ma11223794/real-madrid_girona-fc/head-to-head/
Liga 1 España,31. Jornada,11.04.2026,14:00,Real Sociedad,CD Alavés,-:-,,https://www.livefutbol.com/match-report/co97/primera-division/ma11223782/real-sociedad_cd-alaves/head-to-head/
Liga 1 España,31. Jornada,11.04.2026,16:15,Elche CF,Valencia CF,-:-,,https://www.livefutbol.com/match-report/co97/primera-division/ma11223776/elche-cf_valencia-cf/head-to-head/
Liga 1 España,31. Jornada,11.04.2026,18:30,FC Barcelona,Espanyol Barcelona,-:-,,https://www.livefutbol.com/match-report/co97/primera-division/ma11223770/fc-barcelona_espanyol-barcelona/head-to-head/
Liga 1 España,31. Jornada,11.04.2026,21:00,Sevilla FC,Atlético de Madrid,-:-,,https://www.livefutbol.com/match-report/co97/primera-division/ma11223785/sevilla-fc_atletico-de-madrid/head-to-head/
Liga 1 España,31. Jornada,12.04.2026,14:00,CA Osasuna,Real Betis,-:-,,https://www.livefutbol.com/match-report/co97/primera-division/ma11223788/ca-osasuna_real-betis/head-to-head/
Liga 1 España,31. Jornada,12.04.2026,16:15,RCD Mallorca,Rayo Vallecano,-:-,,https://www.livefutbol.com/match-report/co97/primera-division/ma11223779/rcd-mallorca_rayo-vallecano/head-to-head/
Liga 1 España,31. Jornada,12.04.2026,18:30,RC Celta,Real Oviedo,-:-,,https://www.livefutbol.com/match-report/co97/primera-division/ma11223773/rc-celta_real-oviedo/head-to-head/
Liga 1 España,31. Jornada,12.04.2026,21:00,Athletic Club,Villarreal CF,-:-,,https://www.livefutbol.com/match-report/co97/primera-division/ma11223767/athletic-club_villarreal-cf/head-to-head/
Liga 1 España,31. Jornada,13.04.2026,21:00,Levante UD,Getafe CF,-:-,,https://www.livefutbol.com/match-report/co97/primera-division/ma11223791/levante-ud_getafe-cf/head-to-head/
Liga 1 España,32. Jornada,26.04.2026,,CD Alavés,RCD Mallorca,-:-,,https://www.livefutbol.com/match-report/co97/primera-division/ma11223797/cd-alaves_rcd-mallorca/head-to-head/
Liga 1 España,32. Jornada,26.04.2026,,Real Betis,Real Madrid,-:-,,https://www.livefutbol.com/match-report/co97/primera-division/ma11223800/real-betis_real-madrid/head-to-head/
Liga 1 España,32. Jornada,26.04.2026,,Espanyol Barcelona,Levante UD,-:-,,https://www.livefutbol.com/match-report/co97/primera-division/ma11223803/espanyol-barcelona_levante-ud/head-to-head/
Liga 1 España,32. Jornada,26.04.2026,,CA Osasuna,Sevilla FC,-:-,,https://www.livefutbol.com/match-report/co97/primera-division/ma11223806/ca-osasuna_sevilla-fc/head-to-head/
Liga 1 España,32. Jornada,26.04.2026,,Rayo Vallecano,Real Sociedad,-:-,,https://www.livefutbol.com/match-report/co97/primera-division/ma11223809/rayo-vallecano_real-sociedad/head-to-head/
Liga 1 España,32. Jornada,26.04.2026,,Atlético de Madrid,Athletic Club,-:-,,https://www.livefutbol.com/match-report/co97/primera-division/ma11223812/atletico-de-madrid_athletic-club/head-to-head/
Liga 1 España,32. Jornada,26.04.2026,,Getafe CF,FC Barcelona,-:-,,https://www.livefutbol.com/match-report/co97/primera-division/ma11223815/getafe-cf_fc-barcelona/head-to-head/
Liga 1 España,32. Jornada,26.04.2026,,Villarreal CF,RC Celta,-:-,,https://www.livefutbol.com/match-report/co97/primera-division/ma11223818/villarreal-cf_rc-celta/head-to-head/
Liga 1 España,32. Jornada,26.04.2026,,Real Oviedo,Elche CF,-:-,,https://www.livefutbol.com/match-report/co97/primera-division/ma11223821/real-oviedo_elche-cf/head-to-head/
Liga 1 España,32. Jornada,26.04.2026,,Valencia CF,Girona FC,-:-,,https://www.livefutbol.com/match-report/co97/primera-division/ma11223824/valencia-cf_girona-fc/head-to-head/
Liga 1 España,33. Jornada,22.04.2026,,Athletic Club,CA Osasuna,-:-,,https://www.livefutbol.com/match-report/co97/primera-division/ma11223827/athletic-club_ca-osasuna/head-to-head/
Liga 1 España,33. Jornada,22.04.2026,,FC Barcelona,RC Celta,-:-,,https://www.livefutbol.com/match-report/co97/primera-division/ma11223830/fc-barcelona_rc-celta/head-to-head/
Liga 1 España,33. Jornada,22.04.2026,,Levante UD,Sevilla FC,-:-,,https://www.livefutbol.com/match-report/co97/primera-division/ma11223833/levante-ud_sevilla-fc/head-to-head/
Liga 1 España,33. Jornada,22.04.2026,,RCD Mallorca,Valencia CF,-:-,,https://www.livefutbol.com/match-report/co97/primera-division/ma11223836/rcd-mallorca_valencia-cf/head-to-head/
Liga 1 España,33. Jornada,22.04.2026,,Real Oviedo,Villarreal CF,-:-,,https://www.livefutbol.com/match-report/co97/primera-division/ma11223839/real-oviedo_villarreal-cf/head-to-head/
Liga 1 España,33. Jornada,22.04.2026,,Real Madrid,CD Alavés,-:-,,https://www.livefutbol.com/match-report/co97/primera-division/ma11223842/real-madrid_cd-alaves/head-to-head/
Liga 1 España,33. Jornada,22.04.2026,,Elche CF,Atlético de Madrid,-:-,,https://www.livefutbol.com/match-report/co97/primera-division/ma11223845/elche-cf_atletico-de-madrid/head-to-head/
Liga 1 España,33. Jornada,22.04.2026,,Girona FC,Real Betis,-:-,,https://www.livefutbol.com/match-report/co97/primera-division/ma11223848/girona-fc_real-betis/head-to-head/
Liga 1 España,33. Jornada,22.04.2026,,Rayo Vallecano,Espanyol Barcelona,-:-,,https://www.livefutbol.com/match-report/co97/primera-division/ma11223851/rayo-vallecano_espanyol-barcelona/head-to-head/
Liga 1 España,33. Jornada,22.04.2026,,Real Sociedad,Getafe CF,-:-,,https://www.livefutbol.com/match-report/co97/primera-division/ma11223854/real-sociedad_getafe-cf/head-to-head/
Liga 1 España,34. Jornada,03.05.2026,,CD Alavés,Athletic Club,-:-,,https://www.livefutbol.com/match-report/co97/primera-division/ma11223857/cd-alaves_athletic-club/head-to-head/
Liga 1 España,34. Jornada,03.05.2026,,Real Betis,Real Oviedo,-:-,,https://www.livefutbol.com/match-report/co97/primera-division/ma11223860/real-betis_real-oviedo/head-to-head/
Liga 1 España,34. Jornada,03.05.2026,,RC Celta,Elche CF,-:-,,https://www.livefutbol.com/match-report/co97/primera-division/ma11223863/rc-celta_elche-cf/head-to-head/
Liga 1 España,34. Jornada,03.05.2026,,Espanyol Barcelona,Real Madrid,-:-,,https://www.livefutbol.com/match-report/co97/primera-division/ma11223866/espanyol-barcelona_real-madrid/head-to-head/
Liga 1 España,34. Jornada,03.05.2026,,Getafe CF,Rayo Vallecano,-:-,,https://www.livefutbol.com/match-report/co97/primera-division/ma11223869/getafe-cf_rayo-vallecano/head-to-head/
Liga 1 España,34. Jornada,03.05.2026,,Girona FC,RCD Mallorca,-:-,,https://www.livefutbol.com/match-report/co97/primera-division/ma11223872/girona-fc_rcd-mallorca/head-to-head/
Liga 1 España,34. Jornada,03.05.2026,,Valencia CF,Atlético de Madrid,-:-,,https://www.livefutbol.com/match-report/co97/primera-division/ma11223875/valencia-cf_atletico-de-madrid/head-to-head/
Liga 1 España,34. Jornada,03.05.2026,,CA Osasuna,FC Barcelona,-:-,,https://www.livefutbol.com/match-report/co97/primera-division/ma11223878/ca-osasuna_fc-barcelona/head-to-head/
Liga 1 España,34. Jornada,03.05.2026,,Villarreal CF,Levante UD,-:-,,https://www.livefutbol.com/match-report/co97/primera-division/ma11223881/villarreal-cf_levante-ud/head-to-head/
Liga 1 España,34. Jornada,03.05.2026,,Sevilla FC,Real Sociedad,-:-,,https://www.livefutbol.com/match-report/co97/primera-division/ma11223884/sevilla-fc_real-sociedad/head-to-head/
Liga 1 España,35. Jornada,10.05.2026,,Athletic Club,Valencia CF,-:-,,https://www.livefutbol.com/match-report/co97/primera-division/ma11223887/athletic-club_valencia-cf/head-to-head/
Liga 1 España,35. Jornada,10.05.2026,,Atlético de Madrid,RC Celta,-:-,,https://www.livefutbol.com/match-report/co97/primera-division/ma11223890/atletico-de-madrid_rc-celta/head-to-head/
Liga 1 España,35. Jornada,10.05.2026,,FC Barcelona,Real Madrid,-:-,,https://www.livefutbol.com/match-report/co97/primera-division/ma11223893/fc-barcelona_real-madrid/head-to-head/
Liga 1 España,35. Jornada,10.05.2026,,Levante UD,CA Osasuna,-:-,,https://www.livefutbol.com/match-report/co97/primera-division/ma11223896/levante-ud_ca-osasuna/head-to-head/
Liga 1 España,35. Jornada,10.05.2026,,RCD Mallorca,Villarreal CF,-:-,,https://www.livefutbol.com/match-report/co97/primera-division/ma11223899/rcd-mallorca_villarreal-cf/head-to-head/
Liga 1 España,35. Jornada,10.05.2026,,Elche CF,CD Alavés,-:-,,https://www.livefutbol.com/match-report/co97/primera-division/ma11223902/elche-cf_cd-alaves/head-to-head/
Liga 1 España,35. Jornada,10.05.2026,,Real Sociedad,Real Betis,-:-,,https://www.livefutbol.com/match-report/co97/primera-division/ma11223905/real-sociedad_real-betis/head-to-head/
Liga 1 España,35. Jornada,10.05.2026,,Sevilla FC,Espanyol Barcelona,-:-,,https://www.livefutbol.com/match-report/co97/primera-division/ma11223908/sevilla-fc_espanyol-barcelona/head-to-head/
Liga 1 España,35. Jornada,10.05.2026,,Real Oviedo,Getafe CF,-:-,,https://www.livefutbol.com/match-report/co97/primera-division/ma11223911/real-oviedo_getafe-cf/head-to-head/
Liga 1 España,35. Jornada,10.05.2026,,Rayo Vallecano,Girona FC,-:-,,https://www.livefutbol.com/match-report/co97/primera-division/ma11223914/rayo-vallecano_girona-fc/head-to-head/
Liga 1 España,36. Jornada,13.05.2026,,CD Alavés,FC Barcelona,-:-,,https://www.livefutbol.com/match-report/co97/primera-division/ma11223917/cd-alaves_fc-barcelona/head-to-head/
Liga 1 España,36. Jornada,13.05.2026,,Real Betis,Elche CF,-:-,,https://www.livefutbol.com/match-report/co97/primera-division/ma11223920/real-betis_elche-cf/head-to-head/
Liga 1 España,36. Jornada,13.05.2026,,RC Celta,Levante UD,-:-,,https://www.livefutbol.com/match-report/co97/primera-division/ma11223923/rc-celta_levante-ud/head-to-head/
Liga 1 España,36. Jornada,13.05.2026,,Getafe CF,RCD Mallorca,-:-,,https://www.livefutbol.com/match-report/co97/primera-division/ma11223926/getafe-cf_rcd-mallorca/head-to-head/
Liga 1 España,36. Jornada,13.05.2026,,Girona FC,Real Sociedad,-:-,,https://www.livefutbol.com/match-report/co97/primera-division/ma11223929/girona-fc_real-sociedad/head-to-head/
Liga 1 España,36. Jornada,13.05.2026,,Espanyol Barcelona,Athletic Club,-:-,,https://www.livefutbol.com/match-report/co97/primera-division/ma11223932/espanyol-barcelona_athletic-club/head-to-head/
Liga 1 España,36. Jornada,13.05.2026,,CA Osasuna,Atlético de Madrid,-:-,,https://www.livefutbol.com/match-report/co97/primera-division/ma11223935/ca-osasuna_atletico-de-madrid/head-to-head/
Liga 1 España,36. Jornada,13.05.2026,,Valencia CF,Rayo Vallecano,-:-,,https://www.livefutbol.com/match-report/co97/primera-division/ma11223938/valencia-cf_rayo-vallecano/head-to-head/
Liga 1 España,36. Jornada,13.05.2026,,Villarreal CF,Sevilla FC,-:-,,https://www.livefutbol.com/match-report/co97/primera-division/ma11223941/villarreal-cf_sevilla-fc/head-to-head/
Liga 1 España,36. Jornada,13.05.2026,,Real Madrid,Real Oviedo,-:-,,https://www.livefutbol.com/match-report/co97/primera-division/ma11223944/real-madrid_real-oviedo/head-to-head/
Liga 1 España,37. Jornada,17.05.2026,,Athletic Club,RC Celta,-:-,,https://www.livefutbol.com/match-report/co97/primera-division/ma11223947/athletic-club_rc-celta/head-to-head/
Liga 1 España,37. Jornada,17.05.2026,,Atlético de Madrid,Girona FC,-:-,,https://www.livefutbol.com/match-report/co97/primera-division/ma11223950/atletico-de-madrid_girona-fc/head-to-head/
Liga 1 España,37. Jornada,17.05.2026,,FC Barcelona,Real Betis,-:-,,https://www.livefutbol.com/match-report/co97/primera-division/ma11223953/fc-barcelona_real-betis/head-to-head/
Liga 1 España,37. Jornada,17.05.2026,,Elche CF,Getafe CF,-:-,,https://www.livefutbol.com/match-report/co97/primera-division/ma11223956/elche-cf_getafe-cf/head-to-head/
Liga 1 España,37. Jornada,17.05.2026,,Levante UD,RCD Mallorca,-:-,,https://www.livefutbol.com/match-report/co97/primera-division/ma11223959/levante-ud_rcd-mallorca/head-to-head/
Liga 1 España,37. Jornada,17.05.2026,,Rayo Vallecano,Villarreal CF,-:-,,https://www.livefutbol.com/match-report/co97/primera-division/ma11223962/rayo-vallecano_villarreal-cf/head-to-head/
Liga 1 España,37. Jornada,17.05.2026,,Real Sociedad,Valencia CF,-:-,,https://www.livefutbol.com/match-report/co97/primera-division/ma11223965/real-sociedad_valencia-cf/head-to-head/
Liga 1 España,37. Jornada,17.05.2026,,Real Oviedo,CD Alavés,-:-,,https://www.livefutbol.com/match-report/co97/primera-division/ma11223968/real-oviedo_cd-alaves/head-to-head/
Liga 1 España,37. Jornada,17.05.2026,,CA Osasuna,Espanyol Barcelona,-:-,,https://www.livefutbol.com/match-report/co97/primera-division/ma11223971/ca-osasuna_espanyol-barcelona/head-to-head/
Liga 1 España,37. Jornada,17.05.2026,,Sevilla FC,Real Madrid,-:-,,https://www.livefutbol.com/match-report/co97/primera-division/ma11223974/sevilla-fc_real-madrid/head-to-head/
Liga 1 España,38. Jornada,24.05.2026,,CD Alavés,Rayo Vallecano,-:-,,https://www.livefutbol.com/match-report/co97/primera-division/ma11223977/cd-alaves_rayo-vallecano/head-to-head/
Liga 1 España,38. Jornada,24.05.2026,,Real Betis,Levante UD,-:-,,https://www.livefutbol.com/match-report/co97/primera-division/ma11223980/real-betis_levante-ud/head-to-head/
Liga 1 España,38. Jornada,24.05.2026,,RC Celta,Sevilla FC,-:-,,https://www.livefutbol.com/match-report/co97/primera-division/ma11223983/rc-celta_sevilla-fc/head-to-head/
Liga 1 España,38. Jornada,24.05.2026,,Espanyol Barcelona,Real Sociedad,-:-,,https://www.livefutbol.com/match-report/co97/primera-division/ma11223986/espanyol-barcelona_real-sociedad/head-to-head/
Liga 1 España,38. Jornada,24.05.2026,,Getafe CF,CA Osasuna,-:-,,https://www.livefutbol.com/match-report/co97/primera-division/ma11223989/getafe-cf_ca-osasuna/head-to-head/
Liga 1 España,38. Jornada,24.05.2026,,RCD Mallorca,Real Oviedo,-:-,,https://www.livefutbol.com/match-report/co97/primera-division/ma11223992/rcd-mallorca_real-oviedo/head-to-head/
Liga 1 España,38. Jornada,24.05.2026,,Real Madrid,Athletic Club,-:-,,https://www.livefutbol.com/match-report/co97/primera-division/ma11223995/real-madrid_athletic-club/head-to-head/
Liga 1 España,38. Jornada,24.05.2026,,Villarreal CF,Atlético de Madrid,-:-,,https://www.livefutbol.com/match-report/co97/primera-division/ma11223998/villarreal-cf_atletico-de-madrid/head-to-head/
Liga 1 España,38. Jornada,24.05.2026,,Valencia CF,FC Barcelona,-:-,,https://www.livefutbol.com/match-report/co97/primera-division/ma11224001/valencia-cf_fc-barcelona/head-to-head/
Liga 1 España,38. Jornada,24.05.2026,,Girona FC,Elche CF,-:-,,https://www.livefutbol.com/match-report/co97/primera-division/ma11224004/girona-fc_elche-cf/head-to-head/
